n_freights,n_vehicles,seed,best_greedy,greedy_objective,ls_objective,milp_objective,greedy_gap_pct,ls_gap_pct,milp_gap_pct,greedy_time_s,ls_time_s,milp_time_s,milp_proven_optimal
5,2,1,FCFS,3062.752743967193,3062.752743967193,3062.752743967193,0.0,0.0,0.0,0.00022602081298828125,0.0002319812774658203,0.0028128623962402344,true
5,2,2,Cost,960.5269084771783,940.5778049440063,940.5778049440063,2.1209413435350597,0.0,0.0,9.298324584960938e-5,0.00010204315185546875,0.010042905807495117,true
5,2,3,FCFS,4961.425121064427,4961.425121064427,4961.425121064427,0.0,0.0,0.0,0.0001361370086669922,0.0001399517059326172,0.0025010108947753906,true
10,2,1,FCFS,7936.586296381616,7936.586296381616,7936.586296381616,0.0,0.0,0.0,0.00017595291137695312,0.0001850128173828125,0.017139911651611328,true
10,2,2,Cost,6848.516700793873,6170.678072232194,6170.678072232194,10.984832146922813,0.0,0.0,0.00013399124145507812,0.00015687942504882812,0.06432700157165527,true
10,2,3,FCFS,16070.259969108274,16070.259969108274,16070.259969108274,0.0,0.0,0.0,0.00017905235290527344,0.0001862049102783203,0.0032858848571777344,true
15,3,1,Cost,8779.922826615299,7155.460489941965,7155.460489941965,22.702415015172694,0.0,0.0,0.00017499923706054688,0.0004391670227050781,15.884935140609741,true
15,3,2,OverallCost,9080.823817075167,8326.368416893718,8326.368416893718,9.06103792681936,0.0,0.0,0.000308990478515625,0.0007560253143310547,2.3124501705169678,true
15,3,3,OverallCost,12581.436876150137,10080.017089624267,10080.017089624267,24.81563041297493,0.0,0.0,0.00017189979553222656,0.0006177425384521484,5.845463037490845,true
20,5,1,OverallCost,12749.545510571157,10658.358627462878,10337.297534283894,23.335383046555297,3.105851332170488,0.0,0.00023412704467773438,0.0013179779052734375,60.01097297668457,false
20,5,2,OverallCost,11479.279433417683,6914.979602203588,6914.979602203588,66.00597678928214,0.0,0.0,0.00022482872009277344,0.0018358230590820312,60.01430010795593,false
20,5,3,Cost,10877.594974412144,9146.089919324,9091.413626962587,19.64690443906593,0.6014058385734284,0.0,0.0002529621124267578,0.002138853073120117,60.013461112976074,false
30,7,1,OverallCost,14072.292674698743,13453.178057999805,13684.01635296689,4.601995261118154,0.0,1.715864414875704,0.00036597251892089844,0.006319999694824219,60.019871950149536,false
30,7,2,Distance,13249.28096260711,10594.696118674441,11548.651757083993,25.055790314303025,0.0,9.004086834808685,0.0003609657287597656,0.011136770248413086,60.02176594734192,false
30,7,3,OverallCost,23201.78979243801,18502.60332003604,19077.281298213096,25.39743403196311,0.0,3.1059303830761538,0.0006270408630371094,0.014609098434448242,60.020204067230225,false
40,10,1,OverallCost,14279.861801095474,10416.256801916397,14204.068384013071,37.092067454291694,0.0,36.36442201962405,0.0006048679351806641,0.05100083351135254,60.039979219436646,false
40,10,2,OverallCost,24454.897002960497,19720.67984400058,21726.29664783575,24.00635878889418,0.0,10.170119994343482,0.0005619525909423828,0.05077195167541504,60.08176112174988,false
40,10,3,OverallCost,22326.913960008013,17452.45877299836,18450.18326881468,27.929905180759878,0.0,5.7168133659192515,0.00048279762268066406,0.07334494590759277,60.07702112197876,false
