dataset,n_freights,n_vehicles,method,objective,gap_to_best_pct,distance_km,served,on_time,lateness_h,makespan_h,utilization,solve_time_s,proven_optimal
benelux,12,4,FCFS,7331.23790428863,25.979677337059076,4794.195424623155,12,4,25.37042479665475,21.333443140047706,0.7942108186941779,0.000453948974609375,
benelux,12,4,Cost,7331.23790428863,25.979677337059076,4794.195424623155,12,4,25.37042479665475,21.333443140047706,0.7942108186941779,0.00016307830810546875,
benelux,12,4,Distance,7331.23790428863,25.979677337059076,4794.195424623155,12,4,25.37042479665475,21.333443140047706,0.7942108186941779,0.00015401840209960938,
benelux,12,4,OverallCost,5819.381394884729,0.0,4306.452161214622,12,6,15.129292336701077,19.233343857445323,0.7911299230175765,0.0001678466796875,
benelux,12,4,LocalSearch,5819.381394884729,0.0,4306.452161214622,12,6,15.129292336701077,19.233343857445323,0.7911299230175765,0.00030684471130371094,
benelux,12,4,MILP,5819.381394884729,0.0,4306.452161214622,12,6,15.129292336701077,19.233343857445323,0.7911299230175765,1.1074481010437012,true
eu_longhaul,10,4,FCFS,47010.24492732342,38.25214774879633,36440.79084279274,10,6,105.69454084530686,123.66793043464064,0.8417489527841394,0.00031280517578125,
eu_longhaul,10,4,Cost,42311.10865385907,24.432486026652832,34555.09798049262,10,6,77.56010673366453,117.43432780660527,0.8424501978403027,0.00015306472778320312,
eu_longhaul,10,4,Distance,42311.10865385907,24.432486026652832,34555.09798049262,10,6,77.56010673366453,117.43432780660527,0.8424501978403027,0.00014495849609375,
eu_longhaul,10,4,OverallCost,41332.42230772668,21.554273212948004,33912.003937939066,10,7,74.2041836978761,117.43432780660527,0.8259170356876072,0.00013709068298339844,
eu_longhaul,10,4,LocalSearch,34003.265549798816,0.0,29394.27155429847,10,7,46.0899399550035,94.69831637687409,0.8877666145293823,0.0005400180816650391,
eu_longhaul,10,4,MILP,34003.265549798816,0.0,29394.27155429847,10,7,46.0899399550035,94.69831637687409,0.8877666145293823,4.46345591545105,true
eu_urban,12,4,FCFS,3212.5237844230605,123.65120601116921,1964.5904028102277,12,4,12.479333816128326,12.561882160396571,0.7754828117386665,0.0002689361572265625,
eu_urban,12,4,Cost,3212.5237844230605,123.65120601116921,1964.5904028102277,12,4,12.479333816128326,12.561882160396571,0.7754828117386665,0.00016188621520996094,
eu_urban,12,4,Distance,2312.3546214531934,60.98274581533865,1599.3662461049407,12,6,7.1298837534825275,10.264278484637455,0.7765758708456082,0.00015497207641601562,
eu_urban,12,4,OverallCost,1436.3990437246407,0.0,1340.4553682732824,12,9,0.9594367545135836,8.715387353126294,0.7647688039850143,0.0002701282501220703,
eu_urban,12,4,LocalSearch,1436.3990437246407,0.0,1340.4553682732824,12,9,0.9594367545135836,8.715387353126294,0.7647688039850143,0.00040602684020996094,
eu_urban,12,4,MILP,1436.3990437246407,0.0,1340.4553682732824,12,9,0.9594367545135836,8.715387353126294,0.7647688039850143,0.10654807090759277,true
iberia,15,5,FCFS,44475.5424797961,75.9633527118857,20723.50137449125,15,5,237.52041105304855,69.50009199154893,0.7842613087638047,0.0002548694610595703,
iberia,15,5,Cost,44475.5424797961,75.9633527118857,20723.50137449125,15,5,237.52041105304855,69.50009199154893,0.7842613087638047,0.0003180503845214844,
iberia,15,5,Distance,44475.5424797961,75.9633527118857,20723.50137449125,15,5,237.52041105304855,69.50009199154893,0.7842613087638047,0.0002219676971435547,
iberia,15,5,OverallCost,38720.41047918814,53.193707516743345,18406.60252265512,15,5,203.13807956533014,66.95269150112796,0.7227801753912194,0.00019812583923339844,
iberia,15,5,LocalSearch,25289.409614770564,0.05520013478714727,13841.263124224799,15,5,114.48146490545763,43.15069700323599,0.8449524900657166,0.00145721435546875,
iberia,15,5,MILP,25275.45752814696,0.0,13884.32707378252,15,5,113.91130454364439,43.15069700323599,0.8474273980720182,60.01380896568298,false
longhaul,8,3,FCFS,61479.14732423877,35.536756464979725,40377.80515397991,8,4,211.01342170258863,159.5703829546314,0.9126290354592944,0.0002300739288330078,
longhaul,8,3,Cost,61479.14732423877,35.536756464979725,40377.80515397991,8,4,211.01342170258863,159.5703829546314,0.9126290354592944,0.00013685226440429688,
longhaul,8,3,Distance,61479.14732423877,35.536756464979725,40377.80515397991,8,4,211.01342170258863,159.5703829546314,0.9126290354592944,0.0001690387725830078,
longhaul,8,3,OverallCost,61479.14732423877,35.536756464979725,40377.80515397991,8,4,211.01342170258863,159.5703829546314,0.9126290354592944,0.0001270771026611328,
longhaul,8,3,LocalSearch,45359.759911418485,0.0,32313.614716290445,8,5,130.46145195128037,126.52683288184741,0.9239085790974992,0.00037598609924316406,
longhaul,8,3,MILP,45359.759911418485,0.0,32313.614716290445,8,5,130.46145195128037,126.52683288184741,0.9239085790974992,0.19007492065429688,true
mixed,20,6,FCFS,158171.16572123487,33.61633159111839,70499.15642072195,20,12,876.7200930051291,286.52543683482185,0.5675374795655016,0.0004131793975830078,
mixed,20,6,Cost,140531.53519373445,18.715115487917572,66396.93608215133,20,13,741.3459911158313,250.35062998263743,0.609871345538602,0.0003209114074707031,
mixed,20,6,Distance,138905.48989143578,17.341500977944015,64340.103742353844,20,12,745.6538614908194,234.42899292401,0.6317873408959481,0.0003330707550048828,
mixed,20,6,OverallCost,138567.7827386562,17.05622021453349,68345.26479968723,20,13,702.2251793896899,258.77286719688937,0.6079485512812539,0.0002942085266113281,
mixed,20,6,LocalSearch,122054.97136831554,3.1068934235201713,61253.885597910674,20,13,608.0108577040487,238.05597804927376,0.591746328065669,0.002726316452026367,
mixed,20,6,MILP,118377.12039966577,0.0,57729.781265216094,20,12,606.4733913444968,262.6108136930894,0.5073874793929277,42.37408399581909,true
test0,2,2,FCFS,13842.432469007956,0.0,13842.432469007956,2,2,0.0,131.17394714264086,0.7845456248428782,0.00011920928955078125,
test0,2,2,Cost,13842.432469007956,0.0,13842.432469007956,2,2,0.0,131.17394714264086,0.7845456248428782,6.508827209472656e-5,
test0,2,2,Distance,13842.432469007956,0.0,13842.432469007956,2,2,0.0,131.17394714264086,0.7845456248428782,9.894371032714844e-5,
test0,2,2,OverallCost,13842.432469007956,0.0,13842.432469007956,2,2,0.0,131.17394714264086,0.7845456248428782,6.103515625e-5,
test0,2,2,LocalSearch,13842.432469007956,0.0,13842.432469007956,2,2,0.0,131.17394714264086,0.7845456248428782,0.00012421607971191406,
test0,2,2,MILP,13842.432469007956,0.0,13842.432469007956,2,2,0.0,131.17394714264086,0.7845456248428782,0.002900838851928711,true
test1,20,15,FCFS,28983.967538656212,27.79912800198295,27489.511567125384,20,16,14.944559715308275,46.56622853541189,0.4919429171404164,0.00045990943908691406,
test1,20,15,Cost,23284.56601077752,2.6687332613519277,22005.84151945391,20,17,12.7872449132361,42.279365463133274,0.4337388006024386,0.000308990478515625,
test1,20,15,Distance,23063.05585907345,1.6920276328484785,21568.599887542623,20,16,14.944559715308275,41.38428995898619,0.4343153708190181,0.00039005279541015625,
test1,20,15,OverallCost,22780.891177691636,0.44787773565240935,21502.166686368026,20,17,12.7872449132361,49.27369044719891,0.3636519220706888,0.00030684471130371094,
test1,20,15,LocalSearch,22679.315572643416,0.0,21400.591081319806,20,17,12.7872449132361,49.27369044719891,0.3619340410519961,0.0023038387298583984,
test1,20,15,MILP,22679.31557264342,1.6040955007830882e-14,21400.59108131981,20,17,12.7872449132361,49.27369044719891,0.3619340410519961,2.71224308013916,true
test_failure,3,2,FCFS,28470.368658515625,22.65687915363153,16343.243150175973,2,1,21.271255083396536,131.17394714264086,0.9037008923161035,0.00012683868408203125,
test_failure,3,2,Cost,28470.368658515625,22.65687915363153,16343.243150175973,2,1,21.271255083396536,131.17394714264086,0.9037008923161035,0.00023984909057617188,
test_failure,3,2,Distance,28470.368658515625,22.65687915363153,16343.243150175973,2,1,21.271255083396536,131.17394714264086,0.9037008923161035,0.00016808509826660156,
test_failure,3,2,OverallCost,28470.368658515625,22.65687915363153,16343.243150175973,2,1,21.271255083396536,131.17394714264086,0.9037008923161035,0.00014591217041015625,
test_failure,3,2,LocalSearch,23211.391692801517,0.0,10331.049115120455,2,1,28.803425776810617,107.7930533051345,0.6320125925211451,0.0001399517059326172,
test_failure,3,2,MILP,23211.391692801517,0.0,10331.049115120455,2,1,28.803425776810617,107.7930533051345,0.6320125925211451,0.012691974639892578,true
urban,15,5,FCFS,324.13335408216125,21.706392278600344,324.13335408216125,15,15,0.0,7.84684742603848,0.18011860797301107,0.00023603439331054688,
urban,15,5,Cost,269.0787748468142,1.034362903147697,269.0787748468142,15,15,0.0,7.585481865649019,0.150658150598095,0.00023818016052246094,
urban,15,5,Distance,266.32401800242474,0.0,266.32401800242474,15,15,0.0,7.573284326781333,0.14901598523287218,0.00019121170043945312,
urban,15,5,OverallCost,270.5307528735267,1.5795551984589153,270.5307528735267,15,15,0.0,7.585481865649019,0.15058963451435564,0.0001850128173828125,
urban,15,5,LocalSearch,266.32401800242474,0.0,266.32401800242474,15,15,0.0,7.573284326781333,0.14901598523287218,0.00045228004455566406,
urban,15,5,MILP,266.32401800242474,0.0,266.32401800242474,15,15,0.0,7.573284326781333,0.14901598523287218,0.017271995544433594,true
